{
  "project_info": {
    "project_number": "1099182261703",
    "firebase_url": "https://databasekupu.firebaseio.com",
    "project_id": "databasekupu",
    "storage_bucket": "databasekupu.appspot.com"
  },
  "client": [
    {
      "client_info": {
        "mobilesdk_app_id": "1:1099182261703:android:6eb3cdc35284031e",
        "android_client_info": {
          "package_name": "com.dicoding.associate.aplikasitamanwisatakupu_kupugitapersada"
        }
      },
      "oauth_client": [
        {
          "client_id": "1099182261703-577pv1fumfvd0d6qsvb6vrief1fidm5g.apps.googleusercontent.com",
          "client_type": 1,
          "android_info": {
            "package_name": "com.dicoding.associate.aplikasitamanwisatakupu_kupugitapersada",
            "certificate_hash": "dff65a8302cc8f552dedf8dc97d362bd82ceb6cf"
          }
        },
        {
          "client_id": "1099182261703-82c0ag93cd1tq5c4q03vj0ho53ghbs2a.apps.googleusercontent.com",
          "client_type": 3
        }
      ],
      "api_key": [
        {
          "current_key": "AIzaSyBk7eZnaLu8NHZnF1BSf9xZztqcCt1dtO8"
        }
      ],
      "services": {
        "analytics_service": {
          "status": 1
        },
        "appinvite_service": {
          "status": 2,
          "other_platform_oauth_client": [
            {
              "client_id": "1099182261703-82c0ag93cd1tq5c4q03vj0ho53ghbs2a.apps.googleusercontent.com",
              "client_type": 3
            }
          ]
        },
        "ads_service": {
          "status": 2
        }
      }
    },
    {
      "client_info": {
        "mobilesdk_app_id": "1:1099182261703:android:568a3120c48c8108",
        "android_client_info": {
          "package_name": "com.example.administrator.firebaseproject"
        }
      },
      "oauth_client": [
        {
          "client_id": "1099182261703-b5r0tiugn2ktavius4fl1r1cg2ufar8o.apps.googleusercontent.com",
          "client_type": 1,
          "android_info": {
            "package_name": "com.example.administrator.firebaseproject",
            "certificate_hash": "dff65a8302cc8f552dedf8dc97d362bd82ceb6cf"
          }
        },
        {
          "client_id": "1099182261703-82c0ag93cd1tq5c4q03vj0ho53ghbs2a.apps.googleusercontent.com",
          "client_type": 3
        }
      ],
      "api_key": [
        {
          "current_key": "AIzaSyBk7eZnaLu8NHZnF1BSf9xZztqcCt1dtO8"
        }
      ],
      "services": {
        "analytics_service": {
          "status": 1
        },
        "appinvite_service": {
          "status": 2,
          "other_platform_oauth_client": [
            {
              "client_id": "1099182261703-82c0ag93cd1tq5c4q03vj0ho53ghbs2a.apps.googleusercontent.com",
              "client_type": 3
            }
          ]
        },
        "ads_service": {
          "status": 2
        }
      }
    }
  ],
  "configuration_version": "1"
}